Workbook

Sheet لوحة التحكم العامة
A1: نظام نبع الغدير العلمي — لوحة متابعة المندوبين والمحافظات
A3: المحافظة | B3: عدد المندوبين | C3: إجمالي القطع المباعة | D3: إجمالي المبيعات المحققة | E3: الهدف الشهري (التارغت) | F3: نسبة الإنجاز % | G3: الحالة
A4: الكوت | B4: 8 | C4: ='سجلات الكوت'!E2 | D4: ='سجلات الكوت'!D2 | E4: 25000000 | F4: =IF(E4>0, D4/E4, 0) | G4: =IF(F4>=1, "محقق بنجاح 🎯", IF(F4>=0.5, "قيد الإنجاز ⚡", "متأخر عن الخطة ⚠️"))
A5: العمارة | B5: 8 | C5: ='سجلات العمارة'!E2 | D5: ='سجلات العمارة'!D2 | E5: 20000000 | F5: =IF(E5>0, D5/E5, 0) | G5: =IF(F5>=1, "محقق بنجاح 🎯", IF(F5>=0.5, "قيد الإنجاز ⚡", "متأخر عن الخطة ⚠️"))
A6: البصرة | B6: 8 | C6: ='سجلات البصرة'!E2 | D6: ='سجلات البصرة'!D2 | E6: 35000000 | F6: =IF(E6>0, D6/E6, 0) | G6: =IF(F6>=1, "محقق بنجاح 🎯", IF(F6>=0.5, "قيد الإنجاز ⚡", "متأخر عن الخطة ⚠️"))
A7: الناصرية | B7: 8 | C7: ='سجلات الناصرية'!E2 | D7: ='سجلات الناصرية'!D2 | E7: 22000000 | F7: =IF(E7>0, D7/E7, 0) | G7: =IF(F7>=1, "محقق بنجاح 🎯", IF(F7>=0.5, "قيد الإنجاز ⚡", "متأخر عن الخطة ⚠️"))
A8: المجموع الكلي لجميع المحافظات | C8: =SUM(C4:C7) | D8: =SUM(D4:D7) | E8: =SUM(E4:E7) | F8: =IF(E8>0, D8/E8, 0) | G8: =IF(F8>=1, "إجمالي ممتاز", "متابعة مستمرة")

Sheet المندوبين والمحافظات
A1: المحافظة | B1: المندوب | C1: كود المندوب | D1: ملاحظات
A2: الكوت | B2: مذخر الكوت مباشر | C2: KUT-DIR | D2: توزيع مباشر
A3: الكوت | B3: 1-Kut | C3: KUT-01 | D3: مندوب منطقة الكوت 1
A4: الكوت | B4: 2-Kut | C4: KUT-02 | D4: مندوب منطقة الكوت 2
A5: الكوت | B5: 3-Kut | C5: KUT-03 | D5: مندوب منطقة الكوت 3
A6: الكوت | B6: 4-Kut | C6: KUT-04 | D6: مندوب منطقة الكوت 4
A7: الكوت | B7: 5-Kut | C7: KUT-05 | D7: مندوب منطقة الكوت 5
A8: الكوت | B8: 6-Kut | C8: KUT-06 | D8: مندوب منطقة الكوت 6
A9: الكوت | B9: 7-Kut | C9: KUT-07 | D9: مندوب منطقة الكوت 7
A10: العمارة | B10: مذخر العمارة مباشر | C10: AMR-DIR | D10: توزيع مباشر
A11: العمارة | B11: 1-Amara | C11: AMR-01 | D11: مندوب منطقة العمارة 1
A12: العمارة | B12: 2-Amara | C12: AMR-02 | D12: مندوب منطقة العمارة 2
... A33: الناصرية | B33: 7-Nasiriya | C33: NAS-07 | D33: مندوب منطقة الناصرية 7

Sheet المواد والأسعار
A1: المادة | B1: السعر المفرد (د.ع) | C1: الشركة الموردة | D1: ملاحظات
A2: Paracetamol | B2: 1200 | C2: LDP | D2: أقراص / شراب
A3: Ibuprofen | B3: 1500 | C3: LDP | D3: أقراص 400 ملغم
A4: Amoxicillin | B4: 2500 | C4: MEDREICH | D4: كبسول 500 ملغم
A5: Azithromycin | B5: 3000 | C5: LDP | D5: أقراص 500 ملغم
A6: Omeprazole | B6: 2000 | C6: MEDREICH | D6: كبسول 20 ملغم
A7: Metformin | B7: 1500 | C7: MEDREICH | D7: أقراص 500 ملغم
A8: Amlodipine | B8: 2500 | C8: LDP | D8: أقراص 5 ملغم
A9: Atorvastatin | B9: 3500 | C9: MEDREICH | D9: أقراص 20 ملغم
A10: Losartan | B10: 3000 | C10: LDP | D10: أقراص 50 ملغم
A11: Levothyroxine | B11: 4000 | C11: MEDREICH | D11: أقراص 50 ميكروغرام
A12: Salbutamol | B12: 2000 | C12: LDP | D12: بخاخ / شراب
A13: Pantoprazole | B13: 2500 | C13: MEDREICH | D13: أقراص 40 ملغم
... A17: Loratadine | B17: 2000 | C17: MEDREICH | D17: أقراص 10 ملغم

Sheet تارجت المحافظات
A1: السنة | B1: الشهر | C1: المحافظة | D1: الهدف / التارغت (د.ع) | E1: ملاحظات الخطة
A2: 2026 | B2: 8 | C2: الكوت | D2: 25000000 | E2: هدف شهر آب 2026
A3: 2026 | B3: 8 | C3: العمارة | D3: 20000000 | E3: هدف شهر آب 2026
A4: 2026 | B4: 8 | C4: البصرة | D4: 35000000 | E4: هدف شهر آب 2026
A5: 2026 | B5: 8 | C5: الناصرية | D5: 22000000 | E5: هدف شهر آب 2026
A6: 2026 | B6: 9 | C6: الكوت | D6: 28000000 | E6: هدف شهر أيلول 2026
A7: 2026 | B7: 9 | C7: العمارة | D7: 22000000 | E7: هدف شهر أيلول 2026
A8: 2026 | B8: 9 | C8: البصرة | D8: 40000000 | E8: هدف شهر أيلول 2026
A9: 2026 | B9: 9 | C9: الناصرية | D9: 25000000 | E9: هدف شهر أيلول 2026
A10: 2026 | B10: 10 | C10: الكوت | D10: 30000000 | E10: هدف شهر تشرين الأول 2026
A11: 2026 | B11: 10 | C11: العمارة | D11: 25000000 | E11: هدف شهر تشرين الأول 2026
A12: 2026 | B12: 10 | C12: البصرة | D12: 45000000 | E12: هدف شهر تشرين الأول 2026
A13: 2026 | B13: 10 | C13: الناصرية | D13: 28000000 | E13: هدف شهر تشرين الأول 2026

Sheet سجلات الكوت
A1: سجل مبيعات ومندوبي محافظة الكوت | D1: إجمالي المبيعات | E1: إجمالي القطع | F1: نسبة تحقيق التارجت
A2: الهدف المالي الشهري: 25,000,000 د.ع | D2: =SUM(G5:G100) | E2: =SUM(E5:E100) | F2: =IF(I5>0, D2/I5, D2/25000000)
A4: المندوب | B4: المحافظة | C4: الشركة | D4: المادة | E4: العدد | F4: سعر المادة | G4: اجمالي المبلغ | H4: التاريخ | I4: تاركت المحافظة | J4: نسبه الانجاز
A5: 1-Kut | B5: الكوت | C5: LDP | D5: Paracetamol | E5: 500 | F5: =IFERROR(VLOOKUP(D5, 'المواد والأسعار'!$A$2:$B$20, 2, FALSE), 0) | G5: =E5*F5 | H5: 2026-08-15 | I5: =IFERROR(SUMIFS('تارجت المحافظات'!$D$2:$D$50, 'تارجت المحافظات'!$C$2:$C$50, B5, 'تارجت المحافظات'!$B$2:$B$50, MONTH(H5)), 25000000) | J5: =IF(I5>0, G5/I5, 0)
A6: 2-Kut | B6: الكوت | C6: MEDREICH | D6: Amoxicillin | E6: 400 | F6: =IFERROR(VLOOKUP(D6, 'المواد والأسعار'!$A$2:$B$20, 2, FALSE), 0) | G6: =E6*F6 | H6: 2026-08-16 | I6: =IFERROR(SUMIFS('تارجت المحافظات'!$D$2:$D$50, 'تارجت المحافظات'!$C$2:$C$50, B6, 'تارجت المحافظات'!$B$2:$B$50, MONTH(H6)), 25000000) | J6: =IF(I6>0, G6/I6, 0)
A7: مذخر الكوت مباشر | B7: الكوت | C7: LDP | D7: Azithromycin | E7: 800 | F7: =IFERROR(VLOOKUP(D7, 'المواد والأسعار'!$A$2:$B$20, 2, FALSE), 0) | G7: =E7*F7 | H7: 2026-08-17 | I7: =IFERROR(SUMIFS('تارجت المحافظات'!$D$2:$D$50, 'تارجت المحافظات'!$C$2:$C$50, B7, 'تارجت المحافظات'!$B$2:$B$50, MONTH(H7)), 25000000) | J7: =IF(I7>0, G7/I7, 0)
A8: 3-Kut | B8: الكوت | C8: MEDREICH | D8: Omeprazole | E8: 350 | F8: =IFERROR(VLOOKUP(D8, 'المواد والأسعار'!$A$2:$B$20, 2, FALSE), 0) | G8: =E8*F8 | H8: 2026-08-18 | I8: =IFERROR(SUMIFS('تارجت المحافظات'!$D$2:$D$50, 'تارجت المحافظات'!$C$2:$C$50, B8, 'تارجت المحافظات'!$B$2:$B$50, MONTH(H8)), 25000000) | J8: =IF(I8>0, G8/I8, 0)
A9: 4-Kut | B9: الكوت | C9: LDP | D9: Amlodipine | E9: 600 | F9: =IFERROR(VLOOKUP(D9, 'المواد والأسعار'!$A$2:$B$20, 2, FALSE), 0) | G9: =E9*F9 | H9: 2026-08-19 | I9: =IFERROR(SUMIFS('تارجت المحافظات'!$D$2:$D$50, 'تارجت المحافظات'!$C$2:$C$50, B9, 'تارجت المحافظات'!$B$2:$B$50, MONTH(H9)), 25000000) | J9: =IF(I9>0, G9/I9, 0)
B10: الكوت | F10: =IFERROR(VLOOKUP(D10, 'المواد والأسعار'!$A$2:$B$20, 2, FALSE), 0) | G10: =IF(E10>0, E10*F10, 0) | I10: =IFERROR(SUMIFS('تارجت المحافظات'!$D$2:$D$50, 'تارجت المحافظات'!$C$2:$C$50, B10, 'تارجت المحافظات'!$B$2:$B$50, MONTH(H10)), 25000000) | J10: =IF(I10>0, G10/I10, 0)
B11: الكوت | F11: =IFERROR(VLOOKUP(D11, 'المواد والأسعار'!$A$2:$B$20, 2, FALSE), 0) | G11: =IF(E11>0, E11*F11, 0) | I11: =IFERROR(SUMIFS('تارجت المحافظات'!$D$2:$D$50, 'تارجت المحافظات'!$C$2:$C$50, B11, 'تارجت المحافظات'!$B$2:$B$50, MONTH(H11)), 25000000) | J11: =IF(I11>0, G11/I11, 0)
B12: الكوت | F12: =IFERROR(VLOOKUP(D12, 'المواد والأسعار'!$A$2:$B$20, 2, FALSE), 0) | G12: =IF(E12>0, E12*F12, 0) | I12: =IFERROR(SUMIFS('تارجت المحافظات'!$D$2:$D$50, 'تارجت المحافظات'!$C$2:$C$50, B12, 'تارجت المحافظات'!$B$2:$B$50, MONTH(H12)), 25000000) | J12: =IF(I12>0, G12/I12, 0)
B13: الكوت | F13: =IFERROR(VLOOKUP(D13, 'المواد والأسعار'!$A$2:$B$20, 2, FALSE), 0) | G13: =IF(E13>0, E13*F13, 0) | I13: =IFERROR(SUMIFS('تارجت المحافظات'!$D$2:$D$50, 'تارجت المحافظات'!$C$2:$C$50, B13, 'تارجت المحافظات'!$B$2:$B$50, MONTH(H13)), 25000000) | J13: =IF(I13>0, G13/I13, 0)
B14: الكوت | F14: =IFERROR(VLOOKUP(D14, 'المواد والأسعار'!$A$2:$B$20, 2, FALSE), 0) | G14: =IF(E14>0, E14*F14, 0) | I14: =IFERROR(SUMIFS('تارجت المحافظات'!$D$2:$D$50, 'تارجت المحافظات'!$C$2:$C$50, B14, 'تارجت المحافظات'!$B$2:$B$50, MONTH(H14)), 25000000) | J14: =IF(I14>0, G14/I14, 0)
B15: الكوت | F15: =IFERROR(VLOOKUP(D15, 'المواد والأسعار'!$A$2:$B$20, 2, FALSE), 0) | G15: =IF(E15>0, E15*F15, 0) | I15: =IFERROR(SUMIFS('تارجت المحافظات'!$D$2:$D$50, 'تارجت المحافظات'!$C$2:$C$50, B15, 'تارجت المحافظات'!$B$2:$B$50, MONTH(H15)), 25000000) | J15: =IF(I15>0, G15/I15, 0)
B16: الكوت | F16: =IFERROR(VLOOKUP(D16, 'المواد والأسعار'!$A$2:$B$20, 2, FALSE), 0) | G16: =IF(E16>0, E16*F16, 0) | I16: =IFERROR(SUMIFS('تارجت المحافظات'!$D$2:$D$50, 'تارجت المحافظات'!$C$2:$C$50, B16, 'تارجت المحافظات'!$B$2:$B$50, MONTH(H16)), 25000000) | J16: =IF(I16>0, G16/I16, 0)
B17: الكوت | F17: =IFERROR(VLOOKUP(D17, 'المواد والأسعار'!$A$2:$B$20, 2, FALSE), 0) | G17: =IF(E17>0, E17*F17, 0) | I17: =IFERROR(SUMIFS('تارجت المحافظات'!$D$2:$D$50, 'تارجت المحافظات'!$C$2:$C$50, B17, 'تارجت المحافظات'!$B$2:$B$50, MONTH(H17)), 25000000) | J17: =IF(I17>0, G17/I17, 0)
B18: الكوت | F18: =IFERROR(VLOOKUP(D18, 'المواد والأسعار'!$A$2:$B$20, 2, FALSE), 0) | G18: =IF(E18>0, E18*F18, 0) | I18: =IFERROR(SUMIFS('تارجت المحافظات'!$D$2:$D$50, 'تارجت المحافظات'!$C$2:$C$50, B18, 'تارجت المحافظات'!$B$2:$B$50, MONTH(H18)), 25000000) | J18: =IF(I18>0, G18/I18, 0)
B19: الكوت | F19: =IFERROR(VLOOKUP(D19, 'المواد والأسعار'!$A$2:$B$20, 2, FALSE), 0) | G19: =IF(E19>0, E19*F19, 0) | I19: =IFERROR(SUMIFS('تارجت المحافظات'!$D$2:$D$50, 'تارجت المحافظات'!$C$2:$C$50, B19, 'تارجت المحافظات'!$B$2:$B$50, MONTH(H19)), 25000000) | J19: =IF(I19>0, G19/I19, 0)
B20: الكوت | F20: =IFERROR(VLOOKUP(D20, 'المواد والأسعار'!$A$2:$B$20, 2, FALSE), 0) | G20: =IF(E20>0, E20*F20, 0) | I20: =IFERROR(SUMIFS('تارجت المحافظات'!$D$2:$D$50, 'تارجت المحافظات'!$C$2:$C$50, B20, 'تارجت المحافظات'!$B$2:$B$50, MONTH(H20)), 25000000) | J20: =IF(I20>0, G20/I20, 0)
B21: الكوت | F21: =IFERROR(VLOOKUP(D21, 'المواد والأسعار'!$A$2:$B$20, 2, FALSE), 0) | G21: =IF(E21>0, E21*F21, 0) | I21: =IFERROR(SUMIFS('تارجت المحافظات'!$D$2:$D$50, 'تارجت المحافظات'!$C$2:$C$50, B21, 'تارجت المحافظات'!$B$2:$B$50, MONTH(H21)), 25000000) | J21: =IF(I21>0, G21/I21, 0)
... B24: الكوت | F24: =IFERROR(VLOOKUP(D24, 'المواد والأسعار'!$A$2:$B$20, 2, FALSE), 0) | G24: =IF(E24>0, E24*F24, 0) | I24: =IFERROR(SUMIFS('تارجت المحافظات'!$D$2:$D$50, 'تارجت المحافظات'!$C$2:$C$50, B24, 'تارجت المحافظات'!$B$2:$B$50, MONTH(H24)), 25000000) | J24: =IF(I24>0, G24/I24, 0)
A25: الإجمالي العام للمحافظة | E25: =SUM(E5:E24) | G25: =SUM(G5:G24) | I25: =MAX(I5:I24) | J25: =IF(I25>0, G25/I25, 0)

Sheet سجلات العمارة
A1: سجل مبيعات ومندوبي محافظة العمارة | D1: إجمالي المبيعات | E1: إجمالي القطع | F1: نسبة تحقيق التارجت
A2: الهدف المالي الشهري: 20,000,000 د.ع | D2: =SUM(G5:G100) | E2: =SUM(E5:E100) | F2: =IF(I5>0, D2/I5, D2/20000000)
A4: المندوب | B4: المحافظة | C4: الشركة | D4: المادة | E4: العدد | F4: سعر المادة | G4: اجمالي المبلغ | H4: التاريخ | I4: تاركت المحافظة | J4: نسبه الانجاز
A5: 1-Amara | B5: العمارة | C5: LDP | D5: Paracetamol | E5: 400 | F5: =IFERROR(VLOOKUP(D5, 'المواد والأسعار'!$A$2:$B$20, 2, FALSE), 0) | G5: =E5*F5 | H5: 2026-08-15 | I5: =IFERROR(SUMIFS('تارجت المحافظات'!$D$2:$D$50, 'تارجت المحافظات'!$C$2:$C$50, B5, 'تارجت المحافظات'!$B$2:$B$50, MONTH(H5)), 20000000) | J5: =IF(I5>0, G5/I5, 0)
A6: 2-Amara | B6: العمارة | C6: MEDREICH | D6: Amoxicillin | E6: 300 | F6: =IFERROR(VLOOKUP(D6, 'المواد والأسعار'!$A$2:$B$20, 2, FALSE), 0) | G6: =E6*F6 | H6: 2026-08-16 | I6: =IFERROR(SUMIFS('تارجت المحافظات'!$D$2:$D$50, 'تارجت المحافظات'!$C$2:$C$50, B6, 'تارجت المحافظات'!$B$2:$B$50, MONTH(H6)), 20000000) | J6: =IF(I6>0, G6/I6, 0)
A7: مذخر العمارة مباشر | B7: العمارة | C7: LDP | D7: Ibuprofen | E7: 700 | F7: =IFERROR(VLOOKUP(D7, 'المواد والأسعار'!$A$2:$B$20, 2, FALSE), 0) | G7: =E7*F7 | H7: 2026-08-17 | I7: =IFERROR(SUMIFS('تارجت المحافظات'!$D$2:$D$50, 'تارجت المحافظات'!$C$2:$C$50, B7, 'تارجت المحافظات'!$B$2:$B$50, MONTH(H7)), 20000000) | J7: =IF(I7>0, G7/I7, 0)
A8: 3-Amara | B8: العمارة | C8: MEDREICH | D8: Atorvastatin | E8: 250 | F8: =IFERROR(VLOOKUP(D8, 'المواد والأسعار'!$A$2:$B$20, 2, FALSE), 0) | G8: =E8*F8 | H8: 2026-08-18 | I8: =IFERROR(SUMIFS('تارجت المحافظات'!$D$2:$D$50, 'تارجت المحافظات'!$C$2:$C$50, B8, 'تارجت المحافظات'!$B$2:$B$50, MONTH(H8)), 20000000) | J8: =IF(I8>0, G8/I8, 0)
B9: العمارة | F9: =IFERROR(VLOOKUP(D9, 'المواد والأسعار'!$A$2:$B$20, 2, FALSE), 0) | G9: =IF(E9>0, E9*F9, 0) | I9: =IFERROR(SUMIFS('تارجت المحافظات'!$D$2:$D$50, 'تارجت المحافظات'!$C$2:$C$50, B9, 'تارجت المحافظات'!$B$2:$B$50, MONTH(H9)), 20000000) | J9: =IF(I9>0, G9/I9, 0)
B10: العمارة | F10: =IFERROR(VLOOKUP(D10, 'المواد والأسعار'!$A$2:$B$20, 2, FALSE), 0) | G10: =IF(E10>0, E10*F10, 0) | I10: =IFERROR(SUMIFS('تارجت المحافظات'!$D$2:$D$50, 'تارجت المحافظات'!$C$2:$C$50, B10, 'تارجت المحافظات'!$B$2:$B$50, MONTH(H10)), 20000000) | J10: =IF(I10>0, G10/I10, 0)
B11: العمارة | F11: =IFERROR(VLOOKUP(D11, 'المواد والأسعار'!$A$2:$B$20, 2, FALSE), 0) | G11: =IF(E11>0, E11*F11, 0) | I11: =IFERROR(SUMIFS('تارجت المحافظات'!$D$2:$D$50, 'تارجت المحافظات'!$C$2:$C$50, B11, 'تارجت المحافظات'!$B$2:$B$50, MONTH(H11)), 20000000) | J11: =IF(I11>0, G11/I11, 0)
B12: العمارة | F12: =IFERROR(VLOOKUP(D12, 'المواد والأسعار'!$A$2:$B$20, 2, FALSE), 0) | G12: =IF(E12>0, E12*F12, 0) | I12: =IFERROR(SUMIFS('تارجت المحافظات'!$D$2:$D$50, 'تارجت المحافظات'!$C$2:$C$50, B12, 'تارجت المحافظات'!$B$2:$B$50, MONTH(H12)), 20000000) | J12: =IF(I12>0, G12/I12, 0)
B13: العمارة | F13: =IFERROR(VLOOKUP(D13, 'المواد والأسعار'!$A$2:$B$20, 2, FALSE), 0) | G13: =IF(E13>0, E13*F13, 0) | I13: =IFERROR(SUMIFS('تارجت المحافظات'!$D$2:$D$50, 'تارجت المحافظات'!$C$2:$C$50, B13, 'تارجت المحافظات'!$B$2:$B$50, MONTH(H13)), 20000000) | J13: =IF(I13>0, G13/I13, 0)
B14: العمارة | F14: =IFERROR(VLOOKUP(D14, 'المواد والأسعار'!$A$2:$B$20, 2, FALSE), 0) | G14: =IF(E14>0, E14*F14, 0) | I14: =IFERROR(SUMIFS('تارجت المحافظات'!$D$2:$D$50, 'تارجت المحافظات'!$C$2:$C$50, B14, 'تارجت المحافظات'!$B$2:$B$50, MONTH(H14)), 20000000) | J14: =IF(I14>0, G14/I14, 0)
B15: العمارة | F15: =IFERROR(VLOOKUP(D15, 'المواد والأسعار'!$A$2:$B$20, 2, FALSE), 0) | G15: =IF(E15>0, E15*F15, 0) | I15: =IFERROR(SUMIFS('تارجت المحافظات'!$D$2:$D$50, 'تارجت المحافظات'!$C$2:$C$50, B15, 'تارجت المحافظات'!$B$2:$B$50, MONTH(H15)), 20000000) | J15: =IF(I15>0, G15/I15, 0)
B16: العمارة | F16: =IFERROR(VLOOKUP(D16, 'المواد والأسعار'!$A$2:$B$20, 2, FALSE), 0) | G16: =IF(E16>0, E16*F16, 0) | I16: =IFERROR(SUMIFS('تارجت المحافظات'!$D$2:$D$50, 'تارجت المحافظات'!$C$2:$C$50, B16, 'تارجت المحافظات'!$B$2:$B$50, MONTH(H16)), 20000000) | J16: =IF(I16>0, G16/I16, 0)
B17: العمارة | F17: =IFERROR(VLOOKUP(D17, 'المواد والأسعار'!$A$2:$B$20, 2, FALSE), 0) | G17: =IF(E17>0, E17*F17, 0) | I17: =IFERROR(SUMIFS('تارجت المحافظات'!$D$2:$D$50, 'تارجت المحافظات'!$C$2:$C$50, B17, 'تارجت المحافظات'!$B$2:$B$50, MONTH(H17)), 20000000) | J17: =IF(I17>0, G17/I17, 0)
B18: العمارة | F18: =IFERROR(VLOOKUP(D18, 'المواد والأسعار'!$A$2:$B$20, 2, FALSE), 0) | G18: =IF(E18>0, E18*F18, 0) | I18: =IFERROR(SUMIFS('تارجت المحافظات'!$D$2:$D$50, 'تارجت المحافظات'!$C$2:$C$50, B18, 'تارجت المحافظات'!$B$2:$B$50, MONTH(H18)), 20000000) | J18: =IF(I18>0, G18/I18, 0)
B19: العمارة | F19: =IFERROR(VLOOKUP(D19, 'المواد والأسعار'!$A$2:$B$20, 2, FALSE), 0) | G19: =IF(E19>0, E19*F19, 0) | I19: =IFERROR(SUMIFS('تارجت المحافظات'!$D$2:$D$50, 'تارجت المحافظات'!$C$2:$C$50, B19, 'تارجت المحافظات'!$B$2:$B$50, MONTH(H19)), 20000000) | J19: =IF(I19>0, G19/I19, 0)
B20: العمارة | F20: =IFERROR(VLOOKUP(D20, 'المواد والأسعار'!$A$2:$B$20, 2, FALSE), 0) | G20: =IF(E20>0, E20*F20, 0) | I20: =IFERROR(SUMIFS('تارجت المحافظات'!$D$2:$D$50, 'تارجت المحافظات'!$C$2:$C$50, B20, 'تارجت المحافظات'!$B$2:$B$50, MONTH(H20)), 20000000) | J20: =IF(I20>0, G20/I20, 0)
... B23: العمارة | F23: =IFERROR(VLOOKUP(D23, 'المواد والأسعار'!$A$2:$B$20, 2, FALSE), 0) | G23: =IF(E23>0, E23*F23, 0) | I23: =IFERROR(SUMIFS('تارجت المحافظات'!$D$2:$D$50, 'تارجت المحافظات'!$C$2:$C$50, B23, 'تارجت المحافظات'!$B$2:$B$50, MONTH(H23)), 20000000) | J23: =IF(I23>0, G23/I23, 0)
A24: الإجمالي العام للمحافظة | E24: =SUM(E5:E23) | G24: =SUM(G5:G23) | I24: =MAX(I5:I23) | J24: =IF(I24>0, G24/I24, 0)

Sheet سجلات البصرة
A1: سجل مبيعات ومندوبي محافظة البصرة | D1: إجمالي المبيعات | E1: إجمالي القطع | F1: نسبة تحقيق التارجت
A2: الهدف المالي الشهري: 35,000,000 د.ع | D2: =SUM(G5:G100) | E2: =SUM(E5:E100) | F2: =IF(I5>0, D2/I5, D2/35000000)
A4: المندوب | B4: المحافظة | C4: الشركة | D4: المادة | E4: العدد | F4: سعر المادة | G4: اجمالي المبلغ | H4: التاريخ | I4: تاركت المحافظة | J4: نسبه الانجاز
A5: 1-Basra | B5: البصرة | C5: LDP | D5: Azithromycin | E5: 1200 | F5: =IFERROR(VLOOKUP(D5, 'المواد والأسعار'!$A$2:$B$20, 2, FALSE), 0) | G5: =E5*F5 | H5: 2026-08-15 | I5: =IFERROR(SUMIFS('تارجت المحافظات'!$D$2:$D$50, 'تارجت المحافظات'!$C$2:$C$50, B5, 'تارجت المحافظات'!$B$2:$B$50, MONTH(H5)), 35000000) | J5: =IF(I5>0, G5/I5, 0)
A6: 2-Basra | B6: البصرة | C6: MEDREICH | D6: Amoxicillin | E6: 800 | F6: =IFERROR(VLOOKUP(D6, 'المواد والأسعار'!$A$2:$B$20, 2, FALSE), 0) | G6: =E6*F6 | H6: 2026-08-16 | I6: =IFERROR(SUMIFS('تارجت المحافظات'!$D$2:$D$50, 'تارجت المحافظات'!$C$2:$C$50, B6, 'تارجت المحافظات'!$B$2:$B$50, MONTH(H6)), 35000000) | J6: =IF(I6>0, G6/I6, 0)
A7: مذخر البصرة مباشر | B7: البصرة | C7: LDP | D7: Paracetamol | E7: 2000 | F7: =IFERROR(VLOOKUP(D7, 'المواد والأسعار'!$A$2:$B$20, 2, FALSE), 0) | G7: =E7*F7 | H7: 2026-08-17 | I7: =IFERROR(SUMIFS('تارجت المحافظات'!$D$2:$D$50, 'تارجت المحافظات'!$C$2:$C$50, B7, 'تارجت المحافظات'!$B$2:$B$50, MONTH(H7)), 35000000) | J7: =IF(I7>0, G7/I7, 0)
A8: 3-Basra | B8: البصرة | C8: MEDREICH | D8: Atorvastatin | E8: 600 | F8: =IFERROR(VLOOKUP(D8, 'المواد والأسعار'!$A$2:$B$20, 2, FALSE), 0) | G8: =E8*F8 | H8: 2026-08-18 | I8: =IFERROR(SUMIFS('تارجت المحافظات'!$D$2:$D$50, 'تارجت المحافظات'!$C$2:$C$50, B8, 'تارجت المحافظات'!$B$2:$B$50, MONTH(H8)), 35000000) | J8: =IF(I8>0, G8/I8, 0)
A9: 4-Basra | B9: البصرة | C9: LDP | D9: Ciprofloxacin | E9: 900 | F9: =IFERROR(VLOOKUP(D9, 'المواد والأسعار'!$A$2:$B$20, 2, FALSE), 0) | G9: =E9*F9 | H9: 2026-08-19 | I9: =IFERROR(SUMIFS('تارجت المحافظات'!$D$2:$D$50, 'تارجت المحافظات'!$C$2:$C$50, B9, 'تارجت المحافظات'!$B$2:$B$50, MONTH(H9)), 35000000) | J9: =IF(I9>0, G9/I9, 0)
B10: البصرة | F10: =IFERROR(VLOOKUP(D10, 'المواد والأسعار'!$A$2:$B$20, 2, FALSE), 0) | G10: =IF(E10>0, E10*F10, 0) | I10: =IFERROR(SUMIFS('تارجت المحافظات'!$D$2:$D$50, 'تارجت المحافظات'!$C$2:$C$50, B10, 'تارجت المحافظات'!$B$2:$B$50, MONTH(H10)), 35000000) | J10: =IF(I10>0, G10/I10, 0)
B11: البصرة | F11: =IFERROR(VLOOKUP(D11, 'المواد والأسعار'!$A$2:$B$20, 2, FALSE), 0) | G11: =IF(E11>0, E11*F11, 0) | I11: =IFERROR(SUMIFS('تارجت المحافظات'!$D$2:$D$50, 'تارجت المحافظات'!$C$2:$C$50, B11, 'تارجت المحافظات'!$B$2:$B$50, MONTH(H11)), 35000000) | J11: =IF(I11>0, G11/I11, 0)
B12: البصرة | F12: =IFERROR(VLOOKUP(D12, 'المواد والأسعار'!$A$2:$B$20, 2, FALSE), 0) | G12: =IF(E12>0, E12*F12, 0) | I12: =IFERROR(SUMIFS('تارجت المحافظات'!$D$2:$D$50, 'تارجت المحافظات'!$C$2:$C$50, B12, 'تارجت المحافظات'!$B$2:$B$50, MONTH(H12)), 35000000) | J12: =IF(I12>0, G12/I12, 0)
B13: البصرة | F13: =IFERROR(VLOOKUP(D13, 'المواد والأسعار'!$A$2:$B$20, 2, FALSE), 0) | G13: =IF(E13>0, E13*F13, 0) | I13: =IFERROR(SUMIFS('تارجت المحافظات'!$D$2:$D$50, 'تارجت المحافظات'!$C$2:$C$50, B13, 'تارجت المحافظات'!$B$2:$B$50, MONTH(H13)), 35000000) | J13: =IF(I13>0, G13/I13, 0)
B14: البصرة | F14: =IFERROR(VLOOKUP(D14, 'المواد والأسعار'!$A$2:$B$20, 2, FALSE), 0) | G14: =IF(E14>0, E14*F14, 0) | I14: =IFERROR(SUMIFS('تارجت المحافظات'!$D$2:$D$50, 'تارجت المحافظات'!$C$2:$C$50, B14, 'تارجت المحافظات'!$B$2:$B$50, MONTH(H14)), 35000000) | J14: =IF(I14>0, G14/I14, 0)
B15: البصرة | F15: =IFERROR(VLOOKUP(D15, 'المواد والأسعار'!$A$2:$B$20, 2, FALSE), 0) | G15: =IF(E15>0, E15*F15, 0) | I15: =IFERROR(SUMIFS('تارجت المحافظات'!$D$2:$D$50, 'تارجت المحافظات'!$C$2:$C$50, B15, 'تارجت المحافظات'!$B$2:$B$50, MONTH(H15)), 35000000) | J15: =IF(I15>0, G15/I15, 0)
B16: البصرة | F16: =IFERROR(VLOOKUP(D16, 'المواد والأسعار'!$A$2:$B$20, 2, FALSE), 0) | G16: =IF(E16>0, E16*F16, 0) | I16: =IFERROR(SUMIFS('تارجت المحافظات'!$D$2:$D$50, 'تارجت المحافظات'!$C$2:$C$50, B16, 'تارجت المحافظات'!$B$2:$B$50, MONTH(H16)), 35000000) | J16: =IF(I16>0, G16/I16, 0)
B17: البصرة | F17: =IFERROR(VLOOKUP(D17, 'المواد والأسعار'!$A$2:$B$20, 2, FALSE), 0) | G17: =IF(E17>0, E17*F17, 0) | I17: =IFERROR(SUMIFS('تارجت المحافظات'!$D$2:$D$50, 'تارجت المحافظات'!$C$2:$C$50, B17, 'تارجت المحافظات'!$B$2:$B$50, MONTH(H17)), 35000000) | J17: =IF(I17>0, G17/I17, 0)
B18: البصرة | F18: =IFERROR(VLOOKUP(D18, 'المواد والأسعار'!$A$2:$B$20, 2, FALSE), 0) | G18: =IF(E18>0, E18*F18, 0) | I18: =IFERROR(SUMIFS('تارجت المحافظات'!$D$2:$D$50, 'تارجت المحافظات'!$C$2:$C$50, B18, 'تارجت المحافظات'!$B$2:$B$50, MONTH(H18)), 35000000) | J18: =IF(I18>0, G18/I18, 0)
B19: البصرة | F19: =IFERROR(VLOOKUP(D19, 'المواد والأسعار'!$A$2:$B$20, 2, FALSE), 0) | G19: =IF(E19>0, E19*F19, 0) | I19: =IFERROR(SUMIFS('تارجت المحافظات'!$D$2:$D$50, 'تارجت المحافظات'!$C$2:$C$50, B19, 'تارجت المحافظات'!$B$2:$B$50, MONTH(H19)), 35000000) | J19: =IF(I19>0, G19/I19, 0)
B20: البصرة | F20: =IFERROR(VLOOKUP(D20, 'المواد والأسعار'!$A$2:$B$20, 2, FALSE), 0) | G20: =IF(E20>0, E20*F20, 0) | I20: =IFERROR(SUMIFS('تارجت المحافظات'!$D$2:$D$50, 'تارجت المحافظات'!$C$2:$C$50, B20, 'تارجت المحافظات'!$B$2:$B$50, MONTH(H20)), 35000000) | J20: =IF(I20>0, G20/I20, 0)
B21: البصرة | F21: =IFERROR(VLOOKUP(D21, 'المواد والأسعار'!$A$2:$B$20, 2, FALSE), 0) | G21: =IF(E21>0, E21*F21, 0) | I21: =IFERROR(SUMIFS('تارجت المحافظات'!$D$2:$D$50, 'تارجت المحافظات'!$C$2:$C$50, B21, 'تارجت المحافظات'!$B$2:$B$50, MONTH(H21)), 35000000) | J21: =IF(I21>0, G21/I21, 0)
... B24: البصرة | F24: =IFERROR(VLOOKUP(D24, 'المواد والأسعار'!$A$2:$B$20, 2, FALSE), 0) | G24: =IF(E24>0, E24*F24, 0) | I24: =IFERROR(SUMIFS('تارجت المحافظات'!$D$2:$D$50, 'تارجت المحافظات'!$C$2:$C$50, B24, 'تارجت المحافظات'!$B$2:$B$50, MONTH(H24)), 35000000) | J24: =IF(I24>0, G24/I24, 0)
A25: الإجمالي العام للمحافظة | E25: =SUM(E5:E24) | G25: =SUM(G5:G24) | I25: =MAX(I5:I24) | J25: =IF(I25>0, G25/I25, 0)

Sheet سجلات الناصرية
A1: سجل مبيعات ومندوبي محافظة الناصرية | D1: إجمالي المبيعات | E1: إجمالي القطع | F1: نسبة تحقيق التارجت
A2: الهدف المالي الشهري: 22,000,000 د.ع | D2: =SUM(G5:G100) | E2: =SUM(E5:E100) | F2: =IF(I5>0, D2/I5, D2/22000000)
A4: المندوب | B4: المحافظة | C4: الشركة | D4: المادة | E4: العدد | F4: سعر المادة | G4: اجمالي المبلغ | H4: التاريخ | I4: تاركت المحافظة | J4: نسبه الانجاز
A5: 1-Nasiriya | B5: الناصرية | C5: LDP | D5: Paracetamol | E5: 600 | F5: =IFERROR(VLOOKUP(D5, 'المواد والأسعار'!$A$2:$B$20, 2, FALSE), 0) | G5: =E5*F5 | H5: 2026-08-15 | I5: =IFERROR(SUMIFS('تارجت المحافظات'!$D$2:$D$50, 'تارجت المحافظات'!$C$2:$C$50, B5, 'تارجت المحافظات'!$B$2:$B$50, MONTH(H5)), 22000000) | J5: =IF(I5>0, G5/I5, 0)
A6: 2-Nasiriya | B6: الناصرية | C6: MEDREICH | D6: Amoxicillin | E6: 500 | F6: =IFERROR(VLOOKUP(D6, 'المواد والأسعار'!$A$2:$B$20, 2, FALSE), 0) | G6: =E6*F6 | H6: 2026-08-16 | I6: =IFERROR(SUMIFS('تارجت المحافظات'!$D$2:$D$50, 'تارجت المحافظات'!$C$2:$C$50, B6, 'تارجت المحافظات'!$B$2:$B$50, MONTH(H6)), 22000000) | J6: =IF(I6>0, G6/I6, 0)
A7: مذخر الناصرية مباشر | B7: الناصرية | C7: LDP | D7: Diclofenac | E7: 1000 | F7: =IFERROR(VLOOKUP(D7, 'المواد والأسعار'!$A$2:$B$20, 2, FALSE), 0) | G7: =E7*F7 | H7: 2026-08-17 | I7: =IFERROR(SUMIFS('تارجت المحافظات'!$D$2:$D$50, 'تارجت المحافظات'!$C$2:$C$50, B7, 'تارجت المحافظات'!$B$2:$B$50, MONTH(H7)), 22000000) | J7: =IF(I7>0, G7/I7, 0)
A8: 3-Nasiriya | B8: الناصرية | C8: MEDREICH | D8: Pantoprazole | E8: 400 | F8: =IFERROR(VLOOKUP(D8, 'المواد والأسعار'!$A$2:$B$20, 2, FALSE), 0) | G8: =E8*F8 | H8: 2026-08-18 | I8: =IFERROR(SUMIFS('تارجت المحافظات'!$D$2:$D$50, 'تارجت المحافظات'!$C$2:$C$50, B8, 'تارجت المحافظات'!$B$2:$B$50, MONTH(H8)), 22000000) | J8: =IF(I8>0, G8/I8, 0)
B9: الناصرية | F9: =IFERROR(VLOOKUP(D9, 'المواد والأسعار'!$A$2:$B$20, 2, FALSE), 0) | G9: =IF(E9>0, E9*F9, 0) | I9: =IFERROR(SUMIFS('تارجت المحافظات'!$D$2:$D$50, 'تارجت المحافظات'!$C$2:$C$50, B9, 'تارجت المحافظات'!$B$2:$B$50, MONTH(H9)), 22000000) | J9: =IF(I9>0, G9/I9, 0)
B10: الناصرية | F10: =IFERROR(VLOOKUP(D10, 'المواد والأسعار'!$A$2:$B$20, 2, FALSE), 0) | G10: =IF(E10>0, E10*F10, 0) | I10: =IFERROR(SUMIFS('تارجت المحافظات'!$D$2:$D$50, 'تارجت المحافظات'!$C$2:$C$50, B10, 'تارجت المحافظات'!$B$2:$B$50, MONTH(H10)), 22000000) | J10: =IF(I10>0, G10/I10, 0)
B11: الناصرية | F11: =IFERROR(VLOOKUP(D11, 'المواد والأسعار'!$A$2:$B$20, 2, FALSE), 0) | G11: =IF(E11>0, E11*F11, 0) | I11: =IFERROR(SUMIFS('تارجت المحافظات'!$D$2:$D$50, 'تارجت المحافظات'!$C$2:$C$50, B11, 'تارجت المحافظات'!$B$2:$B$50, MONTH(H11)), 22000000) | J11: =IF(I11>0, G11/I11, 0)
B12: الناصرية | F12: =IFERROR(VLOOKUP(D12, 'المواد والأسعار'!$A$2:$B$20, 2, FALSE), 0) | G12: =IF(E12>0, E12*F12, 0) | I12: =IFERROR(SUMIFS('تارجت المحافظات'!$D$2:$D$50, 'تارجت المحافظات'!$C$2:$C$50, B12, 'تارجت المحافظات'!$B$2:$B$50, MONTH(H12)), 22000000) | J12: =IF(I12>0, G12/I12, 0)
B13: الناصرية | F13: =IFERROR(VLOOKUP(D13, 'المواد والأسعار'!$A$2:$B$20, 2, FALSE), 0) | G13: =IF(E13>0, E13*F13, 0) | I13: =IFERROR(SUMIFS('تارجت المحافظات'!$D$2:$D$50, 'تارجت المحافظات'!$C$2:$C$50, B13, 'تارجت المحافظات'!$B$2:$B$50, MONTH(H13)), 22000000) | J13: =IF(I13>0, G13/I13, 0)
B14: الناصرية | F14: =IFERROR(VLOOKUP(D14, 'المواد والأسعار'!$A$2:$B$20, 2, FALSE), 0) | G14: =IF(E14>0, E14*F14, 0) | I14: =IFERROR(SUMIFS('تارجت المحافظات'!$D$2:$D$50, 'تارجت المحافظات'!$C$2:$C$50, B14, 'تارجت المحافظات'!$B$2:$B$50, MONTH(H14)), 22000000) | J14: =IF(I14>0, G14/I14, 0)
B15: الناصرية | F15: =IFERROR(VLOOKUP(D15, 'المواد والأسعار'!$A$2:$B$20, 2, FALSE), 0) | G15: =IF(E15>0, E15*F15, 0) | I15: =IFERROR(SUMIFS('تارجت المحافظات'!$D$2:$D$50, 'تارجت المحافظات'!$C$2:$C$50, B15, 'تارجت المحافظات'!$B$2:$B$50, MONTH(H15)), 22000000) | J15: =IF(I15>0, G15/I15, 0)
B16: الناصرية | F16: =IFERROR(VLOOKUP(D16, 'المواد والأسعار'!$A$2:$B$20, 2, FALSE), 0) | G16: =IF(E16>0, E16*F16, 0) | I16: =IFERROR(SUMIFS('تارجت المحافظات'!$D$2:$D$50, 'تارجت المحافظات'!$C$2:$C$50, B16, 'تارجت المحافظات'!$B$2:$B$50, MONTH(H16)), 22000000) | J16: =IF(I16>0, G16/I16, 0)
B17: الناصرية | F17: =IFERROR(VLOOKUP(D17, 'المواد والأسعار'!$A$2:$B$20, 2, FALSE), 0) | G17: =IF(E17>0, E17*F17, 0) | I17: =IFERROR(SUMIFS('تارجت المحافظات'!$D$2:$D$50, 'تارجت المحافظات'!$C$2:$C$50, B17, 'تارجت المحافظات'!$B$2:$B$50, MONTH(H17)), 22000000) | J17: =IF(I17>0, G17/I17, 0)
B18: الناصرية | F18: =IFERROR(VLOOKUP(D18, 'المواد والأسعار'!$A$2:$B$20, 2, FALSE), 0) | G18: =IF(E18>0, E18*F18, 0) | I18: =IFERROR(SUMIFS('تارجت المحافظات'!$D$2:$D$50, 'تارجت المحافظات'!$C$2:$C$50, B18, 'تارجت المحافظات'!$B$2:$B$50, MONTH(H18)), 22000000) | J18: =IF(I18>0, G18/I18, 0)
B19: الناصرية | F19: =IFERROR(VLOOKUP(D19, 'المواد والأسعار'!$A$2:$B$20, 2, FALSE), 0) | G19: =IF(E19>0, E19*F19, 0) | I19: =IFERROR(SUMIFS('تارجت المحافظات'!$D$2:$D$50, 'تارجت المحافظات'!$C$2:$C$50, B19, 'تارجت المحافظات'!$B$2:$B$50, MONTH(H19)), 22000000) | J19: =IF(I19>0, G19/I19, 0)
B20: الناصرية | F20: =IFERROR(VLOOKUP(D20, 'المواد والأسعار'!$A$2:$B$20, 2, FALSE), 0) | G20: =IF(E20>0, E20*F20, 0) | I20: =IFERROR(SUMIFS('تارجت المحافظات'!$D$2:$D$50, 'تارجت المحافظات'!$C$2:$C$50, B20, 'تارجت المحافظات'!$B$2:$B$50, MONTH(H20)), 22000000) | J20: =IF(I20>0, G20/I20, 0)
... B23: الناصرية | F23: =IFERROR(VLOOKUP(D23, 'المواد والأسعار'!$A$2:$B$20, 2, FALSE), 0) | G23: =IF(E23>0, E23*F23, 0) | I23: =IFERROR(SUMIFS('تارجت المحافظات'!$D$2:$D$50, 'تارجت المحافظات'!$C$2:$C$50, B23, 'تارجت المحافظات'!$B$2:$B$50, MONTH(H23)), 22000000) | J23: =IF(I23>0, G23/I23, 0)
A24: الإجمالي العام للمحافظة | E24: =SUM(E5:E23) | G24: =SUM(G5:G23) | I24: =MAX(I5:I23) | J24: =IF(I24>0, G24/I24, 0)
